date,model,config,heuristic,sim,time
,,,,,
10-06-2022 12:15:18,working_models/philosophers.3,none,none,8,71
10-06-2022 12:15:18,working_models/philosophers.3,none,none,23,89
10-06-2022 12:15:18,working_models/philosophers.3,none,none,15,71
10-06-2022 12:15:19,working_models/philosophers.3,none,none,19,91
10-06-2022 12:15:19,working_models/philosophers.3,none,none,9,55
10-06-2022 12:15:19,working_models/philosophers.3,none,none,19,83
10-06-2022 12:15:19,working_models/philosophers.3,none,none,8,48
10-06-2022 12:15:20,working_models/philosophers.3,none,none,12,66
10-06-2022 12:15:20,working_models/philosophers.3,none,none,12,61
10-06-2022 12:15:20,working_models/philosophers.3,none,none,22,129
10-06-2022 12:15:20,working_models/philosophers.3,basic,mlpackDT,12,58
10-06-2022 12:15:20,working_models/philosophers.3,basic,mlpackDT,13,67
10-06-2022 12:15:21,working_models/philosophers.3,basic,mlpackDT,18,87
10-06-2022 12:15:21,working_models/philosophers.3,basic,mlpackDT,16,81
10-06-2022 12:15:21,working_models/philosophers.3,basic,mlpackDT,5,41
10-06-2022 12:15:21,working_models/philosophers.3,basic,mlpackDT,15,66
10-06-2022 12:15:22,working_models/philosophers.3,basic,mlpackDT,14,75
10-06-2022 12:15:22,working_models/philosophers.3,basic,mlpackDT,27,100
10-06-2022 12:15:22,working_models/philosophers.3,basic,mlpackDT,13,68
10-06-2022 12:15:22,working_models/philosophers.3,basic,mlpackDT,16,74
10-06-2022 12:15:23,working_models/philosophers.3,basic,mlpackModuleDt,17,68
10-06-2022 12:15:23,working_models/philosophers.3,basic,mlpackModuleDt,14,58
10-06-2022 12:15:23,working_models/philosophers.3,basic,mlpackModuleDt,28,90
10-06-2022 12:15:23,working_models/philosophers.3,basic,mlpackModuleDt,3,34
10-06-2022 12:15:24,working_models/philosophers.3,basic,mlpackModuleDt,13,61
10-06-2022 12:15:24,working_models/philosophers.3,basic,mlpackModuleDt,5,44
10-06-2022 12:15:24,working_models/philosophers.3,basic,mlpackModuleDt,8,53
10-06-2022 12:15:24,working_models/philosophers.3,basic,mlpackModuleDt,10,60
10-06-2022 12:15:24,working_models/philosophers.3,basic,mlpackModuleDt,15,82
10-06-2022 12:15:25,working_models/philosophers.3,basic,mlpackModuleDt,22,97
10-06-2022 12:15:25,working_models/philosophers.5,none,none,57,594
10-06-2022 12:15:26,working_models/philosophers.5,none,none,64,706
10-06-2022 12:15:27,working_models/philosophers.5,none,none,39,425
10-06-2022 12:15:27,working_models/philosophers.5,none,none,32,381
10-06-2022 12:15:28,working_models/philosophers.5,none,none,33,343
10-06-2022 12:15:28,working_models/philosophers.5,none,none,26,334
10-06-2022 12:15:29,working_models/philosophers.5,none,none,29,300
10-06-2022 12:15:29,working_models/philosophers.5,none,none,41,466
10-06-2022 12:15:30,working_models/philosophers.5,none,none,58,658
10-06-2022 12:15:31,working_models/philosophers.5,none,none,28,278
10-06-2022 12:15:31,working_models/philosophers.5,basic,mlpackDT,13,138
10-06-2022 12:15:32,working_models/philosophers.5,basic,mlpackDT,44,523
10-06-2022 12:15:32,working_models/philosophers.5,basic,mlpackDT,93,1079
10-06-2022 12:15:34,working_models/philosophers.5,basic,mlpackDT,14,132
10-06-2022 12:15:34,working_models/philosophers.5,basic,mlpackDT,74,841
10-06-2022 12:15:35,working_models/philosophers.5,basic,mlpackDT,43,452
10-06-2022 12:15:36,working_models/philosophers.5,basic,mlpackDT,99,1305
10-06-2022 12:15:37,working_models/philosophers.5,basic,mlpackDT,57,631
10-06-2022 12:15:38,working_models/philosophers.5,basic,mlpackDT,66,786
10-06-2022 12:15:39,working_models/philosophers.5,basic,mlpackDT,39,470
10-06-2022 12:15:40,working_models/philosophers.5,basic,mlpackModuleDt,51,525
10-06-2022 12:15:40,working_models/philosophers.5,basic,mlpackModuleDt,66,818
10-06-2022 12:15:41,working_models/philosophers.5,basic,mlpackModuleDt,56,554
10-06-2022 12:15:42,working_models/philosophers.5,basic,mlpackModuleDt,23,252
10-06-2022 12:15:42,working_models/philosophers.5,basic,mlpackModuleDt,86,1110
10-06-2022 12:15:44,working_models/philosophers.5,basic,mlpackModuleDt,56,683
10-06-2022 12:15:45,working_models/philosophers.5,basic,mlpackModuleDt,72,897
10-06-2022 12:15:46,working_models/philosophers.5,basic,mlpackModuleDt,112,1605
10-06-2022 12:15:48,working_models/philosophers.5,basic,mlpackModuleDt,73,911
10-06-2022 12:15:49,working_models/philosophers.5,basic,mlpackModuleDt,35,388
10-06-2022 12:15:49,working_models/rabin.3,none,none,54,103
10-06-2022 12:15:49,working_models/rabin.3,none,none,87,158
10-06-2022 12:15:50,working_models/rabin.3,none,none,58,129
10-06-2022 12:15:50,working_models/rabin.3,none,none,75,156
10-06-2022 12:15:50,working_models/rabin.3,none,none,58,122
10-06-2022 12:15:51,working_models/rabin.3,none,none,91,174
10-06-2022 12:15:51,working_models/rabin.3,none,none,74,167
10-06-2022 12:15:51,working_models/rabin.3,none,none,66,137
10-06-2022 12:15:52,working_models/rabin.3,none,none,72,147
10-06-2022 12:15:52,working_models/rabin.3,none,none,85,182
10-06-2022 12:15:52,working_models/rabin.3,basic,mlpackDT,96,174
10-06-2022 12:15:53,working_models/rabin.3,basic,mlpackDT,50,111
10-06-2022 12:15:53,working_models/rabin.3,basic,mlpackDT,65,127
10-06-2022 12:15:53,working_models/rabin.3,basic,mlpackDT,41,95
10-06-2022 12:15:54,working_models/rabin.3,basic,mlpackDT,76,164
10-06-2022 12:15:54,working_models/rabin.3,basic,mlpackDT,85,157
10-06-2022 12:15:54,working_models/rabin.3,basic,mlpackDT,57,118
10-06-2022 12:15:55,working_models/rabin.3,basic,mlpackDT,47,99
10-06-2022 12:15:55,working_models/rabin.3,basic,mlpackDT,66,108
10-06-2022 12:15:55,working_models/rabin.3,basic,mlpackDT,37,96
10-06-2022 12:15:56,working_models/rabin.3,basic,mlpackModuleDt,60,120
10-06-2022 12:15:56,working_models/rabin.3,basic,mlpackModuleDt,44,92
10-06-2022 12:15:56,working_models/rabin.3,basic,mlpackModuleDt,60,110
10-06-2022 12:15:56,working_models/rabin.3,basic,mlpackModuleDt,98,165
10-06-2022 12:15:57,working_models/rabin.3,basic,mlpackModuleDt,50,119
10-06-2022 12:15:57,working_models/rabin.3,basic,mlpackModuleDt,67,136
10-06-2022 12:15:57,working_models/rabin.3,basic,mlpackModuleDt,38,91
10-06-2022 12:15:58,working_models/rabin.3,basic,mlpackModuleDt,54,94
10-06-2022 12:15:58,working_models/rabin.3,basic,mlpackModuleDt,65,115
10-06-2022 12:15:58,working_models/rabin.3,basic,mlpackModuleDt,81,168
10-06-2022 12:15:59,working_models/rabin.5,none,none,-1,-1
10-06-2022 12:16:02,working_models/rabin.5,basic,mlpackDT,-1,-1
10-06-2022 12:16:05,working_models/rabin.5,basic,mlpackModuleDt,198,2064
10-06-2022 12:16:07,working_models/rabin.5,basic,mlpackModuleDt,182,2251
10-06-2022 12:16:09,working_models/rabin.5,basic,mlpackModuleDt,-1,-1
10-06-2022 12:16:12,working_models/rabin.5,basic,mlpackModuleDt,-1,-1
10-06-2022 12:16:15,working_models/rabin.5,basic,mlpackModuleDt,-1,-1
10-06-2022 12:16:18,working_models/rabin.5,basic,mlpackModuleDt,-1,-1
10-06-2022 12:16:21,working_models/rabin.5,basic,mlpackModuleDt,-1,-1
10-06-2022 12:16:24,working_models/rabin.5,basic,mlpackModuleDt,-1,-1
10-06-2022 12:16:27,working_models/rabin.5,basic,mlpackModuleDt,-1,-1
10-06-2022 12:16:30,working_models/rabin.5,basic,mlpackModuleDt,-1,-1
10-06-2022 12:16:33,working_models/rabin.7,none,none,-1,-1
10-06-2022 12:16:36,working_models/rabin.7,basic,mlpackDT,-1,-1
10-06-2022 12:16:39,working_models/rabin.7,basic,mlpackModuleDt,-1,-1
10-06-2022 12:16:42,new_models/byzantine4_1,none,none,58,887
10-06-2022 12:16:43,new_models/byzantine4_1,none,none,47,751
10-06-2022 12:16:44,new_models/byzantine4_1,none,none,58,874
10-06-2022 12:16:46,new_models/byzantine4_1,none,none,48,677
10-06-2022 12:16:46,new_models/byzantine4_1,none,none,66,1115
10-06-2022 12:16:48,new_models/byzantine4_1,none,none,56,1092
10-06-2022 12:16:49,new_models/byzantine4_1,none,none,54,824
10-06-2022 12:16:50,new_models/byzantine4_1,none,none,87,1370
10-06-2022 12:16:52,new_models/byzantine4_1,none,none,42,540
10-06-2022 12:16:53,new_models/byzantine4_1,none,none,43,615
10-06-2022 12:16:53,new_models/byzantine4_1,basic,mlpackDT,52,739
10-06-2022 12:16:54,new_models/byzantine4_1,basic,mlpackDT,45,629
10-06-2022 12:16:55,new_models/byzantine4_1,basic,mlpackDT,38,540
10-06-2022 12:16:56,new_models/byzantine4_1,basic,mlpackDT,68,1078
10-06-2022 12:16:57,new_models/byzantine4_1,basic,mlpackDT,36,497
10-06-2022 12:16:58,new_models/byzantine4_1,basic,mlpackDT,26,381
10-06-2022 12:16:59,new_models/byzantine4_1,basic,mlpackDT,51,738
10-06-2022 12:16:59,new_models/byzantine4_1,basic,mlpackDT,85,1673
10-06-2022 12:17:01,new_models/byzantine4_1,basic,mlpackDT,23,308
10-06-2022 12:17:02,new_models/byzantine4_1,basic,mlpackDT,26,335
10-06-2022 12:17:02,new_models/byzantine4_1,basic,mlpackModuleDt,53,756
10-06-2022 12:17:03,new_models/byzantine4_1,basic,mlpackModuleDt,16,215
10-06-2022 12:17:04,new_models/byzantine4_1,basic,mlpackModuleDt,82,1327
10-06-2022 12:17:05,new_models/byzantine4_1,basic,mlpackModuleDt,43,598
10-06-2022 12:17:06,new_models/byzantine4_1,basic,mlpackModuleDt,18,210
10-06-2022 12:17:07,new_models/byzantine4_1,basic,mlpackModuleDt,44,670
10-06-2022 12:17:07,new_models/byzantine4_1,basic,mlpackModuleDt,41,566
10-06-2022 12:17:08,new_models/byzantine4_1,basic,mlpackModuleDt,59,928
10-06-2022 12:17:09,new_models/byzantine4_1,basic,mlpackModuleDt,42,684
10-06-2022 12:17:10,new_models/byzantine4_1,basic,mlpackModuleDt,66,1080
10-06-2022 12:17:12,new_models/gossip4,none,none,-1,-1
10-06-2022 12:17:15,new_models/gossip4,basic,mlpackDT,-1,-1
10-06-2022 12:17:18,new_models/gossip4,basic,mlpackModuleDt,-1,-1
10-06-2022 12:17:21,new_models/asynch_le,none,none,-1,-1
10-06-2022 12:17:24,new_models/asynch_le,basic,mlpackDT,-1,-1
10-06-2022 12:17:27,new_models/asynch_le,basic,mlpackModuleDt,-1,-1
10-06-2022 12:17:30,new_models/virus3,none,none,-1,-1
10-06-2022 12:17:33,new_models/virus3,basic,mlpackDT,-1,-1
10-06-2022 12:17:36,new_models/virus3,basic,mlpackModuleDt,-1,-1
10-06-2022 12:17:39,working_models/consensus.2,none,none,-1,-1
10-06-2022 12:17:42,working_models/consensus.2,basic,mlpackDT,-1,-1
10-06-2022 12:17:45,working_models/consensus.2,basic,mlpackModuleDt,-1,-1
10-06-2022 12:17:48,working_models/csma.2-2,none,none,729,911
10-06-2022 12:17:49,working_models/csma.2-2,none,none,698,906
10-06-2022 12:17:50,working_models/csma.2-2,none,none,803,896
10-06-2022 12:17:51,working_models/csma.2-2,none,none,584,917
10-06-2022 12:17:52,working_models/csma.2-2,none,none,801,893
10-06-2022 12:17:53,working_models/csma.2-2,none,none,856,904
10-06-2022 12:17:54,working_models/csma.2-2,none,none,707,912
10-06-2022 12:17:55,working_models/csma.2-2,none,none,769,904
10-06-2022 12:17:57,working_models/csma.2-2,none,none,697,899
10-06-2022 12:17:58,working_models/csma.2-2,none,none,794,945
10-06-2022 12:17:59,working_models/csma.2-2,basic,mlpackDT,644,868
10-06-2022 12:18:00,working_models/csma.2-2,basic,mlpackDT,667,906
10-06-2022 12:18:01,working_models/csma.2-2,basic,mlpackDT,796,914
10-06-2022 12:18:02,working_models/csma.2-2,basic,mlpackDT,847,918
10-06-2022 12:18:03,working_models/csma.2-2,basic,mlpackDT,942,933
10-06-2022 12:18:04,working_models/csma.2-2,basic,mlpackDT,1006,940
10-06-2022 12:18:06,working_models/csma.2-2,basic,mlpackDT,674,889
10-06-2022 12:18:07,working_models/csma.2-2,basic,mlpackDT,782,943
10-06-2022 12:18:08,working_models/csma.2-2,basic,mlpackDT,674,966
10-06-2022 12:18:09,working_models/csma.2-2,basic,mlpackDT,799,919
10-06-2022 12:18:10,working_models/csma.2-2,basic,mlpackModuleDt,908,964
10-06-2022 12:18:11,working_models/csma.2-2,basic,mlpackModuleDt,644,894
10-06-2022 12:18:12,working_models/csma.2-2,basic,mlpackModuleDt,678,908
10-06-2022 12:18:14,working_models/csma.2-2,basic,mlpackModuleDt,650,899
10-06-2022 12:18:15,working_models/csma.2-2,basic,mlpackModuleDt,891,975
10-06-2022 12:18:16,working_models/csma.2-2,basic,mlpackModuleDt,789,911
10-06-2022 12:18:17,working_models/csma.2-2,basic,mlpackModuleDt,730,931
10-06-2022 12:18:18,working_models/csma.2-2,basic,mlpackModuleDt,688,903
10-06-2022 12:18:19,working_models/csma.2-2,basic,mlpackModuleDt,728,911
10-06-2022 12:18:20,working_models/csma.2-2,basic,mlpackModuleDt,610,929
10-06-2022 12:18:22,working_models/philosophers.10,none,none,-1,-1
10-06-2022 12:18:25,working_models/philosophers.10,basic,mlpackDT,-1,-1
10-06-2022 12:18:28,working_models/philosophers.10,basic,mlpackModuleDt,35,2157
10-06-2022 12:18:30,working_models/philosophers.10,basic,mlpackModuleDt,-1,-1
10-06-2022 12:18:33,working_models/philosophers.10,basic,mlpackModuleDt,-1,-1
10-06-2022 12:18:36,working_models/philosophers.10,basic,mlpackModuleDt,-1,-1
10-06-2022 12:18:39,working_models/philosophers.10,basic,mlpackModuleDt,-1,-1
10-06-2022 12:18:42,working_models/philosophers.10,basic,mlpackModuleDt,-1,-1
10-06-2022 12:18:45,working_models/philosophers.10,basic,mlpackModuleDt,-1,-1
10-06-2022 12:18:48,working_models/philosophers.10,basic,mlpackModuleDt,-1,-1
10-06-2022 12:18:51,working_models/philosophers.10,basic,mlpackModuleDt,-1,-1
10-06-2022 12:18:54,working_models/philosophers.10,basic,mlpackModuleDt,-1,-1
10-06-2022 12:18:58,working_models/rabin.10,none,none,-1,-1
10-06-2022 12:19:01,working_models/rabin.10,basic,mlpackDT,-1,-1
10-06-2022 12:19:04,working_models/rabin.10,basic,mlpackModuleDt,-1,-1
10-06-2022 12:19:06,new_models/coin8,none,none,-1,-1
10-06-2022 12:19:09,new_models/coin8,basic,mlpackDT,-1,-1
10-06-2022 12:19:12,new_models/coin8,basic,mlpackModuleDt,-1,-1
,,,,,
10-06-2022 12:31:44,working_models/rabin.3,basic,mlpackModuleDt,67,110
10-06-2022 12:31:58,working_models/rabin.5,basic,mlpackModuleDt,226,2533
10-06-2022 12:33:04,working_models/rabin.3,basic,mlpackModuleDt,16,49
10-06-2022 12:33:08,working_models/philosophers.3,none,none,12,56
10-06-2022 12:33:08,working_models/philosophers.3,none,none,9,46
10-06-2022 12:33:08,working_models/philosophers.3,none,none,9,42
10-06-2022 12:33:08,working_models/philosophers.3,none,none,11,49
10-06-2022 12:33:08,working_models/philosophers.3,none,none,18,63
10-06-2022 12:33:09,working_models/philosophers.3,none,none,16,52
10-06-2022 12:33:09,working_models/philosophers.3,none,none,17,91
10-06-2022 12:33:09,working_models/philosophers.3,none,none,17,56
10-06-2022 12:33:09,working_models/philosophers.3,none,none,14,62
10-06-2022 12:33:09,working_models/philosophers.3,none,none,33,87
10-06-2022 12:33:10,working_models/philosophers.3,basic,mlpackDT,-1,-1
10-06-2022 12:33:13,working_models/philosophers.3,basic,mlpackModuleDt,8,45
10-06-2022 12:33:13,working_models/philosophers.3,basic,mlpackModuleDt,8,45
10-06-2022 12:33:13,working_models/philosophers.3,basic,mlpackModuleDt,8,54
10-06-2022 12:33:13,working_models/philosophers.3,basic,mlpackModuleDt,8,40
10-06-2022 12:33:13,working_models/philosophers.3,basic,mlpackModuleDt,5,35
10-06-2022 12:33:14,working_models/philosophers.3,basic,mlpackModuleDt,7,40
10-06-2022 12:33:14,working_models/philosophers.3,basic,mlpackModuleDt,8,46
10-06-2022 12:33:14,working_models/philosophers.3,basic,mlpackModuleDt,6,35
10-06-2022 12:33:14,working_models/philosophers.3,basic,mlpackModuleDt,8,47
10-06-2022 12:33:14,working_models/philosophers.3,basic,mlpackModuleDt,5,36
10-06-2022 12:33:15,working_models/philosophers.5,none,none,55,618
10-06-2022 12:33:15,working_models/philosophers.5,none,none,53,501
10-06-2022 12:33:16,working_models/philosophers.5,none,none,36,281
10-06-2022 12:33:16,working_models/philosophers.5,none,none,60,634
10-06-2022 12:33:17,working_models/philosophers.5,none,none,44,457
10-06-2022 12:33:18,working_models/philosophers.5,none,none,70,755
10-06-2022 12:33:19,working_models/philosophers.5,none,none,51,464
10-06-2022 12:33:19,working_models/philosophers.5,none,none,83,867
10-06-2022 12:33:20,working_models/philosophers.5,none,none,30,284
10-06-2022 12:33:21,working_models/philosophers.5,none,none,35,314
10-06-2022 12:33:21,working_models/philosophers.5,basic,mlpackDT,7,86
10-06-2022 12:33:22,working_models/philosophers.5,basic,mlpackDT,18,112
10-06-2022 12:33:22,working_models/philosophers.5,basic,mlpackDT,10,87
10-06-2022 12:33:22,working_models/philosophers.5,basic,mlpackDT,9,84
10-06-2022 12:33:22,working_models/philosophers.5,basic,mlpackDT,9,82
10-06-2022 12:33:23,working_models/philosophers.5,basic,mlpackDT,-1,-1
10-06-2022 12:33:26,working_models/philosophers.5,basic,mlpackDT,14,126
10-06-2022 12:33:26,working_models/philosophers.5,basic,mlpackDT,10,86
10-06-2022 12:33:26,working_models/philosophers.5,basic,mlpackDT,7,77
10-06-2022 12:33:26,working_models/philosophers.5,basic,mlpackDT,27,134
10-06-2022 12:33:27,working_models/philosophers.5,basic,mlpackModuleDt,8,87
10-06-2022 12:33:27,working_models/philosophers.5,basic,mlpackModuleDt,10,102
10-06-2022 12:33:27,working_models/philosophers.5,basic,mlpackModuleDt,8,82
10-06-2022 12:33:27,working_models/philosophers.5,basic,mlpackModuleDt,9,89
10-06-2022 12:33:28,working_models/philosophers.5,basic,mlpackModuleDt,9,86
10-06-2022 12:33:28,working_models/philosophers.5,basic,mlpackModuleDt,10,95
10-06-2022 12:33:28,working_models/philosophers.5,basic,mlpackModuleDt,8,86
10-06-2022 12:33:28,working_models/philosophers.5,basic,mlpackModuleDt,8,100
10-06-2022 12:33:29,working_models/philosophers.5,basic,mlpackModuleDt,8,85
10-06-2022 12:33:29,working_models/philosophers.5,basic,mlpackModuleDt,8,88
10-06-2022 12:33:29,working_models/rabin.3,none,none,54,83
10-06-2022 12:33:29,working_models/rabin.3,none,none,68,110
10-06-2022 12:33:30,working_models/rabin.3,none,none,39,74
10-06-2022 12:33:30,working_models/rabin.3,none,none,72,125
10-06-2022 12:33:30,working_models/rabin.3,none,none,80,131
10-06-2022 12:33:30,working_models/rabin.3,none,none,53,94
10-06-2022 12:33:31,working_models/rabin.3,none,none,86,129
10-06-2022 12:33:31,working_models/rabin.3,none,none,82,131
10-06-2022 12:33:31,working_models/rabin.3,none,none,92,146
10-06-2022 12:33:31,working_models/rabin.3,none,none,72,125
10-06-2022 12:33:32,working_models/rabin.3,basic,mlpackDT,13,38
10-06-2022 12:33:32,working_models/rabin.3,basic,mlpackDT,188,133
10-06-2022 12:33:32,working_models/rabin.3,basic,mlpackDT,16,44
10-06-2022 12:33:32,working_models/rabin.3,basic,mlpackDT,16,40
10-06-2022 12:33:33,working_models/rabin.3,basic,mlpackDT,16,41
10-06-2022 12:33:33,working_models/rabin.3,basic,mlpackDT,11,36
10-06-2022 12:33:33,working_models/rabin.3,basic,mlpackDT,15,44
10-06-2022 12:33:33,working_models/rabin.3,basic,mlpackDT,-1,-1
10-06-2022 12:33:36,working_models/rabin.3,basic,mlpackDT,17,40
10-06-2022 12:33:36,working_models/rabin.3,basic,mlpackDT,1388,1013
10-06-2022 12:33:37,working_models/rabin.3,basic,mlpackModuleDt,15,51
10-06-2022 12:33:38,working_models/rabin.3,basic,mlpackModuleDt,12,48
10-06-2022 12:33:38,working_models/rabin.3,basic,mlpackModuleDt,18,58
10-06-2022 12:33:38,working_models/rabin.3,basic,mlpackModuleDt,13,52
10-06-2022 12:33:38,working_models/rabin.3,basic,mlpackModuleDt,16,62
10-06-2022 12:33:39,working_models/rabin.3,basic,mlpackModuleDt,16,53
10-06-2022 12:33:39,working_models/rabin.3,basic,mlpackModuleDt,14,51
10-06-2022 12:33:39,working_models/rabin.3,basic,mlpackModuleDt,13,51
10-06-2022 12:33:39,working_models/rabin.3,basic,mlpackModuleDt,14,53
10-06-2022 12:33:39,working_models/rabin.3,basic,mlpackModuleDt,18,58
10-06-2022 12:33:40,working_models/rabin.5,none,none,-1,-1
10-06-2022 12:33:43,working_models/rabin.5,basic,mlpackDT,19,72
10-06-2022 12:33:43,working_models/rabin.5,basic,mlpackDT,13,77
10-06-2022 12:33:43,working_models/rabin.5,basic,mlpackDT,-1,-1
10-06-2022 12:33:46,working_models/rabin.5,basic,mlpackDT,-1,-1
10-06-2022 12:33:49,working_models/rabin.5,basic,mlpackDT,13,68
10-06-2022 12:33:49,working_models/rabin.5,basic,mlpackDT,15,76
10-06-2022 12:33:50,working_models/rabin.5,basic,mlpackDT,17,72
10-06-2022 12:33:50,working_models/rabin.5,basic,mlpackDT,20,75
10-06-2022 12:33:50,working_models/rabin.5,basic,mlpackDT,18,73
10-06-2022 12:33:50,working_models/rabin.5,basic,mlpackDT,24,103
10-06-2022 12:33:51,working_models/rabin.5,basic,mlpackModuleDt,18,91
10-06-2022 12:33:51,working_models/rabin.5,basic,mlpackModuleDt,23,98
10-06-2022 12:33:51,working_models/rabin.5,basic,mlpackModuleDt,18,87
10-06-2022 12:33:52,working_models/rabin.5,basic,mlpackModuleDt,19,96
10-06-2022 12:33:52,working_models/rabin.5,basic,mlpackModuleDt,19,100
10-06-2022 12:33:52,working_models/rabin.5,basic,mlpackModuleDt,18,94
10-06-2022 12:33:52,working_models/rabin.5,basic,mlpackModuleDt,17,85
10-06-2022 12:33:53,working_models/rabin.5,basic,mlpackModuleDt,16,93
10-06-2022 12:33:53,working_models/rabin.5,basic,mlpackModuleDt,14,79
10-06-2022 12:33:53,working_models/rabin.5,basic,mlpackModuleDt,13,70
10-06-2022 12:33:53,new_models/byzantine4_1,none,none,40,542
10-06-2022 12:33:54,new_models/byzantine4_1,none,none,48,694
10-06-2022 12:33:55,new_models/byzantine4_1,none,none,36,399
10-06-2022 12:33:56,new_models/byzantine4_1,none,none,51,621
10-06-2022 12:33:56,new_models/byzantine4_1,none,none,77,1171
10-06-2022 12:33:58,new_models/byzantine4_1,none,none,58,845
10-06-2022 12:33:59,new_models/byzantine4_1,none,none,36,467
10-06-2022 12:33:59,new_models/byzantine4_1,none,none,17,194
10-06-2022 12:34:00,new_models/byzantine4_1,none,none,41,522
10-06-2022 12:34:00,new_models/byzantine4_1,none,none,53,756
10-06-2022 12:34:01,new_models/byzantine4_1,basic,mlpackDT,13,113
10-06-2022 12:34:02,new_models/byzantine4_1,basic,mlpackDT,13,122
10-06-2022 12:34:02,new_models/byzantine4_1,basic,mlpackDT,11,125
10-06-2022 12:34:02,new_models/byzantine4_1,basic,mlpackDT,8,106
10-06-2022 12:34:03,new_models/byzantine4_1,basic,mlpackDT,11,113
10-06-2022 12:34:03,new_models/byzantine4_1,basic,mlpackDT,9,113
10-06-2022 12:34:03,new_models/byzantine4_1,basic,mlpackDT,9,125
10-06-2022 12:34:04,new_models/byzantine4_1,basic,mlpackDT,17,121
10-06-2022 12:34:04,new_models/byzantine4_1,basic,mlpackDT,12,134
10-06-2022 12:34:04,new_models/byzantine4_1,basic,mlpackDT,10,145
10-06-2022 12:34:05,new_models/byzantine4_1,basic,mlpackModuleDt,10,168
10-06-2022 12:34:05,new_models/byzantine4_1,basic,mlpackModuleDt,12,201
10-06-2022 12:34:05,new_models/byzantine4_1,basic,mlpackModuleDt,12,211
10-06-2022 12:34:06,new_models/byzantine4_1,basic,mlpackModuleDt,10,174
10-06-2022 12:34:06,new_models/byzantine4_1,basic,mlpackModuleDt,10,180
10-06-2022 12:34:07,new_models/byzantine4_1,basic,mlpackModuleDt,11,187
10-06-2022 12:34:07,new_models/byzantine4_1,basic,mlpackModuleDt,11,186
10-06-2022 12:34:07,new_models/byzantine4_1,basic,mlpackModuleDt,13,205
10-06-2022 12:34:08,new_models/byzantine4_1,basic,mlpackModuleDt,10,183
10-06-2022 12:34:08,new_models/byzantine4_1,basic,mlpackModuleDt,10,171
10-06-2022 12:34:09,working_models/csma.2-2,none,none,737,894
10-06-2022 12:34:10,working_models/csma.2-2,none,none,707,910
10-06-2022 12:34:11,working_models/csma.2-2,none,none,579,851
10-06-2022 12:34:12,working_models/csma.2-2,none,none,755,876
10-06-2022 12:34:13,working_models/csma.2-2,none,none,752,874
10-06-2022 12:34:14,working_models/csma.2-2,none,none,1085,923
10-06-2022 12:34:15,working_models/csma.2-2,none,none,757,883
10-06-2022 12:34:16,working_models/csma.2-2,none,none,644,864
10-06-2022 12:34:17,working_models/csma.2-2,none,none,840,892
10-06-2022 12:34:18,working_models/csma.2-2,none,none,797,904
10-06-2022 12:34:19,working_models/csma.2-2,basic,mlpackDT,-1,-1
10-06-2022 12:34:22,working_models/csma.2-2,basic,mlpackModuleDt,-1,-1
10-06-2022 12:34:26,working_models/philosophers.10,none,none,-1,-1
10-06-2022 12:34:29,working_models/philosophers.10,basic,mlpackDT,-1,-1
10-06-2022 12:34:32,working_models/philosophers.10,basic,mlpackModuleDt,8,330
10-06-2022 12:34:32,working_models/philosophers.10,basic,mlpackModuleDt,8,339
10-06-2022 12:34:33,working_models/philosophers.10,basic,mlpackModuleDt,8,374
10-06-2022 12:34:34,working_models/philosophers.10,basic,mlpackModuleDt,8,302
10-06-2022 12:34:34,working_models/philosophers.10,basic,mlpackModuleDt,7,238
10-06-2022 12:34:35,working_models/philosophers.10,basic,mlpackModuleDt,10,378
10-06-2022 12:34:35,working_models/philosophers.10,basic,mlpackModuleDt,8,322
10-06-2022 12:34:36,working_models/philosophers.10,basic,mlpackModuleDt,8,308
10-06-2022 12:34:36,working_models/philosophers.10,basic,mlpackModuleDt,8,295
10-06-2022 12:34:37,working_models/philosophers.10,basic,mlpackModuleDt,10,374
10-06-2022 12:34:37,working_models/rabin.7,none,none,-1,-1
10-06-2022 12:34:40,working_models/rabin.7,basic,mlpackDT,21,166
10-06-2022 12:34:41,working_models/rabin.7,basic,mlpackDT,103,395
10-06-2022 12:34:41,working_models/rabin.7,basic,mlpackDT,-1,-1
10-06-2022 12:34:44,working_models/rabin.7,basic,mlpackDT,17,139
10-06-2022 12:34:45,working_models/rabin.7,basic,mlpackDT,-1,-1
10-06-2022 12:34:48,working_models/rabin.7,basic,mlpackDT,20,102
10-06-2022 12:34:48,working_models/rabin.7,basic,mlpackDT,-1,-1
10-06-2022 12:34:51,working_models/rabin.7,basic,mlpackDT,50,248
10-06-2022 12:34:52,working_models/rabin.7,basic,mlpackDT,-1,-1
10-06-2022 12:34:55,working_models/rabin.7,basic,mlpackDT,-1,-1
10-06-2022 12:34:58,working_models/rabin.7,basic,mlpackModuleDt,24,173
10-06-2022 12:34:58,working_models/rabin.7,basic,mlpackModuleDt,15,175
10-06-2022 12:34:58,working_models/rabin.7,basic,mlpackModuleDt,14,126
10-06-2022 12:34:59,working_models/rabin.7,basic,mlpackModuleDt,15,151
10-06-2022 12:34:59,working_models/rabin.7,basic,mlpackModuleDt,15,116
10-06-2022 12:34:59,working_models/rabin.7,basic,mlpackModuleDt,14,136
10-06-2022 12:35:00,working_models/rabin.7,basic,mlpackModuleDt,15,166
10-06-2022 12:35:00,working_models/rabin.7,basic,mlpackModuleDt,14,156
10-06-2022 12:35:01,working_models/rabin.7,basic,mlpackModuleDt,14,127
10-06-2022 12:35:01,working_models/rabin.7,basic,mlpackModuleDt,16,140
10-06-2022 12:35:01,working_models/rabin.10,none,none,-1,-1
10-06-2022 12:35:04,working_models/rabin.10,basic,mlpackDT,15,247
10-06-2022 12:35:05,working_models/rabin.10,basic,mlpackDT,-1,-1
10-06-2022 12:35:08,working_models/rabin.10,basic,mlpackDT,16,197
10-06-2022 12:35:08,working_models/rabin.10,basic,mlpackDT,20,229
10-06-2022 12:35:09,working_models/rabin.10,basic,mlpackDT,16,206
10-06-2022 12:35:09,working_models/rabin.10,basic,mlpackDT,15,226
10-06-2022 12:35:10,working_models/rabin.10,basic,mlpackDT,16,213
10-06-2022 12:35:10,working_models/rabin.10,basic,mlpackDT,34,373
10-06-2022 12:35:11,working_models/rabin.10,basic,mlpackDT,28,272
10-06-2022 12:35:11,working_models/rabin.10,basic,mlpackDT,17,163
10-06-2022 12:35:12,working_models/rabin.10,basic,mlpackModuleDt,15,230
10-06-2022 12:35:12,working_models/rabin.10,basic,mlpackModuleDt,17,249
10-06-2022 12:35:13,working_models/rabin.10,basic,mlpackModuleDt,17,229
10-06-2022 12:35:13,working_models/rabin.10,basic,mlpackModuleDt,17,193
10-06-2022 12:35:14,working_models/rabin.10,basic,mlpackModuleDt,18,223
10-06-2022 12:35:14,working_models/rabin.10,basic,mlpackModuleDt,-1,-1
10-06-2022 12:35:15,working_models/rabin.10,basic,mlpackModuleDt,16,247
10-06-2022 12:35:15,working_models/rabin.10,basic,mlpackModuleDt,16,203
10-06-2022 12:35:16,working_models/rabin.10,basic,mlpackModuleDt,20,216
10-06-2022 12:35:16,working_models/rabin.10,basic,mlpackModuleDt,17,236
10-06-2022 12:35:17,new_models/coin8,none,none,-1,-1
10-06-2022 12:35:20,new_models/coin8,basic,mlpackDT,-1,-1
10-06-2022 12:35:23,new_models/coin8,basic,mlpackModuleDt,-1,-1
10-06-2022 12:35:26,new_models/gossip4,none,none,-1,-1
10-06-2022 12:35:29,new_models/gossip4,basic,mlpackDT,22,402
10-06-2022 12:35:30,new_models/gossip4,basic,mlpackDT,28,455
10-06-2022 12:35:31,new_models/gossip4,basic,mlpackDT,94,1299
10-06-2022 12:35:33,new_models/gossip4,basic,mlpackDT,17,347
10-06-2022 12:35:33,new_models/gossip4,basic,mlpackDT,59,952
10-06-2022 12:35:35,new_models/gossip4,basic,mlpackDT,63,1055
10-06-2022 12:35:36,new_models/gossip4,basic,mlpackDT,56,848
10-06-2022 12:35:38,new_models/gossip4,basic,mlpackDT,37,630
10-06-2022 12:35:39,new_models/gossip4,basic,mlpackDT,44,614
10-06-2022 12:35:40,new_models/gossip4,basic,mlpackDT,68,913
10-06-2022 12:35:41,new_models/gossip4,basic,mlpackModuleDt,19,1482
10-06-2022 12:35:43,new_models/gossip4,basic,mlpackModuleDt,21,1828
10-06-2022 12:35:46,new_models/gossip4,basic,mlpackModuleDt,26,1965
10-06-2022 12:35:48,new_models/gossip4,basic,mlpackModuleDt,34,2070
10-06-2022 12:35:51,new_models/gossip4,basic,mlpackModuleDt,10,1126
10-06-2022 12:35:52,new_models/gossip4,basic,mlpackModuleDt,22,2031
10-06-2022 12:35:55,new_models/gossip4,basic,mlpackModuleDt,24,2118
10-06-2022 12:35:57,new_models/gossip4,basic,mlpackModuleDt,17,1656
10-06-2022 12:35:59,new_models/gossip4,basic,mlpackModuleDt,27,1848
10-06-2022 12:36:02,new_models/gossip4,basic,mlpackModuleDt,25,1826
10-06-2022 12:36:04,new_models/asynch_le,none,none,-1,-1
10-06-2022 12:36:07,new_models/asynch_le,basic,mlpackDT,-1,-1
10-06-2022 12:36:10,new_models/asynch_le,basic,mlpackModuleDt,-1,-1
10-06-2022 12:36:13,new_models/virus3,none,none,-1,-1
10-06-2022 12:36:16,new_models/virus3,basic,mlpackDT,-1,-1
10-06-2022 12:36:19,new_models/virus3,basic,mlpackModuleDt,-1,-1
10-06-2022 12:36:19,working_models/consensus.2,none,none,-1,-1
10-06-2022 12:36:22,working_models/consensus.2,basic,mlpackDT,-1,-1
10-06-2022 12:36:25,working_models/consensus.2,basic,mlpackModuleDt,-1,-1
,,,,,
10-06-2022 12:53:16,working_models/philosophers.3,none,none,15,57
10-06-2022 12:53:16,working_models/philosophers.3,none,none,9,46
10-06-2022 12:53:17,working_models/philosophers.3,none,none,3,33
10-06-2022 12:53:17,working_models/philosophers.3,none,none,13,66
10-06-2022 12:53:17,working_models/philosophers.3,none,none,29,83
10-06-2022 12:53:17,working_models/philosophers.3,none,none,6,46
10-06-2022 12:53:18,working_models/philosophers.3,none,none,13,58
10-06-2022 12:53:18,working_models/philosophers.3,none,none,4,36
10-06-2022 12:53:18,working_models/philosophers.3,none,none,6,44
10-06-2022 12:53:18,working_models/philosophers.3,none,none,28,95
10-06-2022 12:53:18,working_models/philosophers.3,basic,mlpackDT,8,53
10-06-2022 12:53:19,working_models/philosophers.3,basic,mlpackDT,8,43
10-06-2022 12:53:19,working_models/philosophers.3,basic,mlpackDT,12,6956
10-06-2022 12:53:26,working_models/philosophers.3,basic,mlpackDT,11,7014
10-06-2022 12:53:33,working_models/philosophers.3,basic,mlpackDT,12,6982
10-06-2022 12:53:40,working_models/philosophers.3,basic,mlpackDT,7,47
10-06-2022 12:53:40,working_models/philosophers.3,basic,mlpackDT,11,54
10-06-2022 12:53:41,working_models/philosophers.3,basic,mlpackDT,9,51
10-06-2022 12:53:41,working_models/philosophers.3,basic,mlpackDT,8,60
10-06-2022 12:53:41,working_models/philosophers.3,basic,mlpackDT,8,7898
10-06-2022 12:53:49,working_models/philosophers.3,basic,mlpackModuleDt,9,57
10-06-2022 12:53:49,working_models/philosophers.3,basic,mlpackModuleDt,8,51
10-06-2022 12:53:50,working_models/philosophers.3,basic,mlpackModuleDt,4,36
10-06-2022 12:53:50,working_models/philosophers.3,basic,mlpackModuleDt,8,48
10-06-2022 12:53:50,working_models/philosophers.3,basic,mlpackModuleDt,8,56
10-06-2022 12:53:50,working_models/philosophers.3,basic,mlpackModuleDt,3,39
10-06-2022 12:53:50,working_models/philosophers.3,basic,mlpackModuleDt,9,54
10-06-2022 12:53:51,working_models/philosophers.3,basic,mlpackModuleDt,8,51
10-06-2022 12:53:51,working_models/philosophers.3,basic,mlpackModuleDt,8,52
10-06-2022 12:53:51,working_models/philosophers.3,basic,mlpackModuleDt,10,56
10-06-2022 12:53:51,working_models/philosophers.5,none,none,29,271
10-06-2022 12:53:52,working_models/philosophers.5,none,none,26,230
10-06-2022 12:53:52,working_models/philosophers.5,none,none,42,366
10-06-2022 12:53:53,working_models/philosophers.5,none,none,108,1256
10-06-2022 12:53:54,working_models/philosophers.5,none,none,16,143
10-06-2022 12:53:54,working_models/philosophers.5,none,none,13,115
10-06-2022 12:53:55,working_models/philosophers.5,none,none,43,392
10-06-2022 12:53:55,working_models/philosophers.5,none,none,19,162
10-06-2022 12:53:55,working_models/philosophers.5,none,none,20,190
10-06-2022 12:53:56,working_models/philosophers.5,none,none,50,419
10-06-2022 12:53:56,working_models/philosophers.5,basic,mlpackDT,19,12258
10-06-2022 12:54:09,working_models/philosophers.5,basic,mlpackDT,22,140
10-06-2022 12:54:09,working_models/philosophers.5,basic,mlpackDT,22,137
10-06-2022 12:54:09,working_models/philosophers.5,basic,mlpackDT,9,92
10-06-2022 12:54:10,working_models/philosophers.5,basic,mlpackDT,20,123
10-06-2022 12:54:10,working_models/philosophers.5,basic,mlpackDT,8,84
10-06-2022 12:54:10,working_models/philosophers.5,basic,mlpackDT,10,76
10-06-2022 12:54:10,working_models/philosophers.5,basic,mlpackDT,9,83
10-06-2022 12:54:11,working_models/philosophers.5,basic,mlpackDT,11,102
10-06-2022 12:54:11,working_models/philosophers.5,basic,mlpackDT,15,92
10-06-2022 12:54:11,working_models/philosophers.5,basic,mlpackModuleDt,7,73
10-06-2022 12:54:11,working_models/philosophers.5,basic,mlpackModuleDt,8,89
10-06-2022 12:54:12,working_models/philosophers.5,basic,mlpackModuleDt,7,75
10-06-2022 12:54:12,working_models/philosophers.5,basic,mlpackModuleDt,8,91
10-06-2022 12:54:12,working_models/philosophers.5,basic,mlpackModuleDt,9,87
10-06-2022 12:54:12,working_models/philosophers.5,basic,mlpackModuleDt,9,81
10-06-2022 12:54:13,working_models/philosophers.5,basic,mlpackModuleDt,9,92
10-06-2022 12:54:13,working_models/philosophers.5,basic,mlpackModuleDt,8,86
10-06-2022 12:54:13,working_models/philosophers.5,basic,mlpackModuleDt,8,99
10-06-2022 12:54:13,working_models/philosophers.5,basic,mlpackModuleDt,8,91
10-06-2022 12:54:14,working_models/rabin.3,none,none,78,118
10-06-2022 12:54:14,working_models/rabin.3,none,none,100,156
10-06-2022 12:54:14,working_models/rabin.3,none,none,32,62
10-06-2022 12:54:14,working_models/rabin.3,none,none,94,149
10-06-2022 12:54:15,working_models/rabin.3,none,none,74,114
10-06-2022 12:54:15,working_models/rabin.3,none,none,81,134
10-06-2022 12:54:15,working_models/rabin.3,none,none,98,158
10-06-2022 12:54:16,working_models/rabin.3,none,none,59,95
10-06-2022 12:54:16,working_models/rabin.3,none,none,35,65
10-06-2022 12:54:16,working_models/rabin.3,none,none,67,108
10-06-2022 12:54:16,working_models/rabin.3,basic,mlpackDT,1662,897
10-06-2022 12:54:17,working_models/rabin.3,basic,mlpackDT,13,39
10-06-2022 12:54:17,working_models/rabin.3,basic,mlpackDT,13,37
10-06-2022 12:54:18,working_models/rabin.3,basic,mlpackDT,88,80
10-06-2022 12:54:18,working_models/rabin.3,basic,mlpackDT,15,43
10-06-2022 12:54:18,working_models/rabin.3,basic,mlpackDT,12,44
10-06-2022 12:54:18,working_models/rabin.3,basic,mlpackDT,13,44
10-06-2022 12:54:19,working_models/rabin.3,basic,mlpackDT,14,41
10-06-2022 12:54:19,working_models/rabin.3,basic,mlpackDT,12,44
10-06-2022 12:54:19,working_models/rabin.3,basic,mlpackDT,16,50
10-06-2022 12:54:19,working_models/rabin.3,basic,mlpackModuleDt,18,59
10-06-2022 12:54:19,working_models/rabin.3,basic,mlpackModuleDt,19,55
10-06-2022 12:54:20,working_models/rabin.3,basic,mlpackModuleDt,14,53
10-06-2022 12:54:20,working_models/rabin.3,basic,mlpackModuleDt,15,54
10-06-2022 12:54:20,working_models/rabin.3,basic,mlpackModuleDt,19,62
10-06-2022 12:54:20,working_models/rabin.3,basic,mlpackModuleDt,14,52
10-06-2022 12:54:20,working_models/rabin.3,basic,mlpackModuleDt,18,62
10-06-2022 12:54:21,working_models/rabin.3,basic,mlpackModuleDt,15,52
10-06-2022 12:54:21,working_models/rabin.3,basic,mlpackModuleDt,14,52
10-06-2022 12:54:21,working_models/rabin.3,basic,mlpackModuleDt,15,52
10-06-2022 12:54:21,working_models/rabin.5,none,none,332,4809
10-06-2022 12:54:26,working_models/rabin.5,none,none,276,3943
10-06-2022 12:54:31,working_models/rabin.5,none,none,262,3445
10-06-2022 12:54:34,working_models/rabin.5,none,none,431,6199
10-06-2022 12:54:41,working_models/rabin.5,none,none,339,4382
10-06-2022 12:54:45,working_models/rabin.5,none,none,202,1920
10-06-2022 12:54:47,working_models/rabin.5,none,none,335,4297
10-06-2022 12:54:52,working_models/rabin.5,none,none,188,2232
10-06-2022 12:54:54,working_models/rabin.5,none,none,364,5233
10-06-2022 12:55:00,working_models/rabin.5,none,none,338,4634
10-06-2022 12:55:04,working_models/rabin.5,basic,mlpackDT,18,80
10-06-2022 12:55:05,working_models/rabin.5,basic,mlpackDT,15,70
10-06-2022 12:55:05,working_models/rabin.5,basic,mlpackDT,14,69
10-06-2022 12:55:05,working_models/rabin.5,basic,mlpackDT,16,78
10-06-2022 12:55:05,working_models/rabin.5,basic,mlpackDT,17,72
10-06-2022 12:55:06,working_models/rabin.5,basic,mlpackDT,19,84
10-06-2022 12:55:06,working_models/rabin.5,basic,mlpackDT,-1,-1
10-06-2022 13:05:06,working_models/rabin.5,basic,mlpackDT,-1,-1
10-06-2022 13:15:06,working_models/rabin.5,basic,mlpackDT,21,87
10-06-2022 13:15:06,working_models/rabin.5,basic,mlpackDT,16,65
10-06-2022 13:15:06,working_models/rabin.5,basic,mlpackModuleDt,14,82
10-06-2022 13:15:07,working_models/rabin.5,basic,mlpackModuleDt,18,90
10-06-2022 13:15:07,working_models/rabin.5,basic,mlpackModuleDt,17,86
10-06-2022 13:15:07,working_models/rabin.5,basic,mlpackModuleDt,14,74
10-06-2022 13:15:07,working_models/rabin.5,basic,mlpackModuleDt,18,97
10-06-2022 13:15:08,working_models/rabin.5,basic,mlpackModuleDt,18,94
10-06-2022 13:15:08,working_models/rabin.5,basic,mlpackModuleDt,15,81
10-06-2022 13:15:08,working_models/rabin.5,basic,mlpackModuleDt,22,108
10-06-2022 13:15:09,working_models/rabin.5,basic,mlpackModuleDt,15,84
10-06-2022 13:15:09,working_models/rabin.5,basic,mlpackModuleDt,17,94
10-06-2022 13:15:09,new_models/byzantine4_1,none,none,65,861
10-06-2022 13:15:10,new_models/byzantine4_1,none,none,36,411
10-06-2022 13:15:11,new_models/byzantine4_1,none,none,68,929
10-06-2022 13:15:12,new_models/byzantine4_1,none,none,38,464
10-06-2022 13:15:13,new_models/byzantine4_1,none,none,49,693
10-06-2022 13:15:13,new_models/byzantine4_1,none,none,94,1287
10-06-2022 13:15:15,new_models/byzantine4_1,none,none,25,280
10-06-2022 13:15:15,new_models/byzantine4_1,none,none,23,268
10-06-2022 13:15:16,new_models/byzantine4_1,none,none,71,933
10-06-2022 13:15:17,new_models/byzantine4_1,none,none,48,599
10-06-2022 13:15:18,new_models/byzantine4_1,basic,mlpackDT,12,114
10-06-2022 13:15:18,new_models/byzantine4_1,basic,mlpackDT,12,114
10-06-2022 13:15:18,new_models/byzantine4_1,basic,mlpackDT,12,103
10-06-2022 13:15:19,new_models/byzantine4_1,basic,mlpackDT,14,127
10-06-2022 13:15:19,new_models/byzantine4_1,basic,mlpackDT,9,102
10-06-2022 13:15:19,new_models/byzantine4_1,basic,mlpackDT,11,106
10-06-2022 13:15:20,new_models/byzantine4_1,basic,mlpackDT,10,119
10-06-2022 13:15:20,new_models/byzantine4_1,basic,mlpackDT,10,104
10-06-2022 13:15:20,new_models/byzantine4_1,basic,mlpackDT,10,104
10-06-2022 13:15:20,new_models/byzantine4_1,basic,mlpackDT,8,95
10-06-2022 13:15:21,new_models/byzantine4_1,basic,mlpackModuleDt,11,175
10-06-2022 13:15:21,new_models/byzantine4_1,basic,mlpackModuleDt,10,164
10-06-2022 13:15:21,new_models/byzantine4_1,basic,mlpackModuleDt,10,154
10-06-2022 13:15:22,new_models/byzantine4_1,basic,mlpackModuleDt,14,207
10-06-2022 13:15:22,new_models/byzantine4_1,basic,mlpackModuleDt,10,157
10-06-2022 13:15:22,new_models/byzantine4_1,basic,mlpackModuleDt,12,189
10-06-2022 13:15:23,new_models/byzantine4_1,basic,mlpackModuleDt,11,169
10-06-2022 13:15:23,new_models/byzantine4_1,basic,mlpackModuleDt,13,207
10-06-2022 13:15:24,new_models/byzantine4_1,basic,mlpackModuleDt,10,156
10-06-2022 13:15:24,new_models/byzantine4_1,basic,mlpackModuleDt,11,159
10-06-2022 13:15:24,working_models/csma.2-2,none,none,837,849
10-06-2022 13:15:25,working_models/csma.2-2,none,none,737,833
10-06-2022 13:15:26,working_models/csma.2-2,none,none,1051,901
10-06-2022 13:15:27,working_models/csma.2-2,none,none,657,821
10-06-2022 13:15:28,working_models/csma.2-2,none,none,782,841
10-06-2022 13:15:30,working_models/csma.2-2,none,none,859,841
10-06-2022 13:15:31,working_models/csma.2-2,none,none,700,794
10-06-2022 13:15:32,working_models/csma.2-2,none,none,690,818
10-06-2022 13:15:33,working_models/csma.2-2,none,none,653,799
10-06-2022 13:15:33,working_models/csma.2-2,none,none,937,795
10-06-2022 13:15:34,working_models/csma.2-2,basic,mlpackDT,-1,-1
10-06-2022 13:25:35,working_models/csma.2-2,basic,mlpackModuleDt,-1,-1
10-06-2022 13:35:35,working_models/philosophers.10,none,none,334,78464
10-06-2022 13:36:54,working_models/philosophers.10,none,none,498,157424
10-06-2022 13:39:31,working_models/philosophers.10,none,none,162,19189
10-06-2022 13:39:51,working_models/philosophers.10,none,none,170,22656
10-06-2022 13:40:14,working_models/philosophers.10,none,none,230,40189
10-06-2022 13:40:54,working_models/philosophers.10,none,none,302,65420
10-06-2022 13:42:00,working_models/philosophers.10,none,none,277,56696
10-06-2022 13:42:57,working_models/philosophers.10,none,none,272,55370
10-06-2022 13:43:52,working_models/philosophers.10,none,none,416,127011
10-06-2022 13:46:00,working_models/philosophers.10,none,none,274,57087
10-06-2022 13:46:57,working_models/philosophers.10,basic,mlpackDT,30,61721
10-06-2022 13:47:59,working_models/philosophers.10,basic,mlpackDT,74,181130
10-06-2022 13:51:00,working_models/philosophers.10,basic,mlpackDT,82,516438
10-06-2022 13:59:37,working_models/philosophers.10,basic,mlpackDT,17,89019
10-06-2022 14:01:06,working_models/philosophers.10,basic,mlpackDT,16,183286
10-06-2022 14:04:10,working_models/philosophers.10,basic,mlpackDT,11,402
10-06-2022 14:04:10,working_models/philosophers.10,basic,mlpackDT,-1,-1
10-06-2022 14:14:10,working_models/philosophers.10,basic,mlpackDT,16,64218
10-06-2022 14:15:15,working_models/philosophers.10,basic,mlpackDT,21,254392
10-06-2022 14:19:30,working_models/philosophers.10,basic,mlpackDT,17,498
10-06-2022 14:19:30,working_models/philosophers.10,basic,mlpackModuleDt,8,355
10-06-2022 14:19:31,working_models/philosophers.10,basic,mlpackModuleDt,9,364
10-06-2022 14:19:31,working_models/philosophers.10,basic,mlpackModuleDt,8,333
10-06-2022 14:19:32,working_models/philosophers.10,basic,mlpackModuleDt,8,329
10-06-2022 14:19:33,working_models/philosophers.10,basic,mlpackModuleDt,8,350
10-06-2022 14:19:33,working_models/philosophers.10,basic,mlpackModuleDt,8,350
10-06-2022 14:19:34,working_models/philosophers.10,basic,mlpackModuleDt,8,299
10-06-2022 14:19:34,working_models/philosophers.10,basic,mlpackModuleDt,8,334
10-06-2022 14:19:35,working_models/philosophers.10,basic,mlpackModuleDt,8,347
10-06-2022 14:19:35,working_models/philosophers.10,basic,mlpackModuleDt,10,363
10-06-2022 14:19:36,working_models/rabin.7,none,none,868,115568
10-06-2022 14:21:32,working_models/rabin.7,none,none,989,158447
10-06-2022 14:24:11,working_models/rabin.7,none,none,,
914,140488
10-06-2022 14:26:31,working_models/rabin.7,none,none,1080,157418
10-06-2022 14:29:09,working_models/rabin.7,none,none,1166,182054
10-06-2022 14:32:11,working_models/rabin.7,none,none,891,123147
10-06-2022 14:34:15,working_models/rabin.7,none,none,649,66696
10-06-2022 14:35:22,working_models/rabin.7,none,none,805,95622
10-06-2022 14:36:57,working_models/rabin.7,none,none,846,106019
10-06-2022 14:38:44,working_models/rabin.7,none,none,299,18089
10-06-2022 14:39:02,working_models/rabin.7,basic,mlpackDT,-1,-1
10-06-2022 14:39:02,working_models/rabin.5,basic,mlpackModuleDt,16,96
10-06-2022 14:42:12,working_models/rabin.5,basic,mlpackModuleDt,15,96
10-06-2022 14:42:32,working_models/rabin.5,basic,mlpackDT,-1,-1
10-06-2022 14:49:02,working_models/rabin.7,basic,mlpackModuleDt,16,173
10-06-2022 14:49:03,working_models/rabin.7,basic,mlpackModuleDt,20,161
10-06-2022 14:49:03,working_models/rabin.7,basic,mlpackModuleDt,17,168
10-06-2022 14:49:03,working_models/rabin.7,basic,mlpackModuleDt,15,210
10-06-2022 14:49:04,working_models/rabin.7,basic,mlpackModuleDt,19,249
10-06-2022 14:49:05,working_models/rabin.7,basic,mlpackModuleDt,16,227
10-06-2022 14:49:05,working_models/rabin.7,basic,mlpackModuleDt,17,207
10-06-2022 14:49:06,working_models/rabin.7,basic,mlpackModuleDt,17,278
10-06-2022 14:49:06,working_models/rabin.7,basic,mlpackModuleDt,14,282
10-06-2022 14:49:07,working_models/rabin.7,basic,mlpackModuleDt,18,288
10-06-2022 14:49:08,working_models/rabin.10,none,none,-1,-1
10-06-2022 14:50:55,working_models/rabin.5,basic,mlpackModuleDt,22,107
10-06-2022 14:51:07,working_models/rabin.5,basic,mlpackModuleDt,14,106
10-06-2022 14:51:16,working_models/rabin.5,basic,mlpackDT,16,91
10-06-2022 14:51:24,working_models/rabin.5,basic,mlpackDT,-1,-1
10-06-2022 14:51:40,working_models/rabin.5,basic,mlpackDT,13,89
10-06-2022 14:51:43,working_models/rabin.5,basic,mlpackDT,18,116
10-06-2022 14:51:51,working_models/rabin.5,basic,mlpackDT,15,78
10-06-2022 14:59:39,working_models/rabin.5,none,none,187,2057
10-06-2022 15:00:55,working_models/rabin.5,none,none,316,4725
10-06-2022 15:36:25,working_models/rabin.10,basic,mlpackDT,77,495
10-06-2022 15:36:26,working_models/rabin.10,basic,mlpackDT,-1,-1
10-06-2022 15:46:26,working_models/rabin.10,basic,mlpackDT,16,246
10-06-2022 15:46:26,working_models/rabin.10,basic,mlpackDT,-1,-1
10-06-2022 15:56:26,working_models/rabin.10,basic,mlpackDT,-1,-1
16-06-2022 09:48:03,topology_models/ring.4,none,none,193,12419
16-06-2022 09:49:08,topology_models/ring.4,none,none,208,13736
16-06-2022 09:55:22,topology_models/ring.4,none,none,236,149
16-06-2022 10:02:14,working_models/rabin.5,none,none,326,3621
16-06-2022 10:02:21,working_models/rabin.5,none,none,225,2453
21-06-2022 12:09:13,topology_models/ring.4,basic,mlpackModuleDt,37,235
21-06-2022 12:10:28,topology_models/ring.4,basic,mlpackModuleDt,42,205
21-06-2022 12:13:06,topology_models/ring.4,basic,mlpackModuleDt,33,157
21-06-2022 12:13:24,topology_models/ring.4,basic,mlpackModuleDt,34,188
21-06-2022 12:13:29,topology_models/ring.4,basic,mlpackModuleDt,37,174
21-06-2022 12:14:15,topology_models/ring.4,basic,mlpackModuleDt,27,204
21-06-2022 12:14:20,topology_models/ring.4,basic,mlpackModuleDt,47,242
21-06-2022 12:14:22,topology_models/ring.4,basic,mlpackModuleDt,41,223
21-06-2022 12:21:11,working_models/philosophers.3,none,none,18,59
21-06-2022 12:21:12,working_models/philosophers.3,none,none,5,32
21-06-2022 12:21:12,working_models/philosophers.3,none,none,12,50
21-06-2022 12:21:12,working_models/philosophers.3,none,none,13,54
21-06-2022 12:21:12,working_models/philosophers.3,none,none,19,59
21-06-2022 12:21:12,working_models/philosophers.3,none,none,12,47
21-06-2022 12:21:13,working_models/philosophers.3,none,none,26,76
21-06-2022 12:21:13,working_models/philosophers.3,none,none,20,66
21-06-2022 12:21:13,working_models/philosophers.3,none,none,14,51
21-06-2022 12:28:50,working_models/philosophers.3,basic,mlpackDT,10,41
21-06-2022 12:28:50,working_models/philosophers.3,basic,mlpackDT,7,33
21-06-2022 12:28:50,working_models/philosophers.3,basic,mlpackDT,13,6235
21-06-2022 12:28:56,working_models/philosophers.3,basic,mlpackDT,14,6359
21-06-2022 12:29:03,working_models/philosophers.3,basic,mlpackDT,13,44
21-06-2022 12:29:03,working_models/philosophers.3,basic,mlpackDT,9,39
21-06-2022 12:29:03,working_models/philosophers.3,basic,mlpackDT,14,6149
21-06-2022 12:29:09,working_models/philosophers.3,basic,mlpackDT,10,6358
21-06-2022 12:29:16,working_models/philosophers.3,basic,mlpackDT,10,43
21-06-2022 12:29:16,working_models/philosophers.3,basic,mlpackDT,10,41
21-06-2022 12:29:16,working_models/philosophers.3,basic,mlpackModuleDt,8,41
21-06-2022 12:29:16,working_models/philosophers.3,basic,mlpackModuleDt,8,41
21-06-2022 12:29:17,working_models/philosophers.3,basic,mlpackModuleDt,7,39
21-06-2022 12:29:17,working_models/philosophers.3,basic,mlpackModuleDt,7,36
21-06-2022 12:29:17,working_models/philosophers.3,basic,mlpackModuleDt,10,48
21-06-2022 12:29:17,working_models/philosophers.3,basic,mlpackModuleDt,8,41
21-06-2022 12:29:17,working_models/philosophers.3,basic,mlpackModuleDt,9,41
21-06-2022 12:29:17,working_models/philosophers.3,basic,mlpackModuleDt,5,33
21-06-2022 12:29:18,working_models/philosophers.3,basic,mlpackModuleDt,10,46
21-06-2022 12:29:18,working_models/philosophers.3,basic,mlpackModuleDt,8,43
21-06-2022 12:29:22,working_models/philosophers.5,basic,mlpackDT,8,73
21-06-2022 12:29:22,working_models/philosophers.5,basic,mlpackDT,7,73
21-06-2022 12:29:22,working_models/philosophers.5,basic,mlpackDT,8,76
21-06-2022 12:29:22,working_models/philosophers.5,basic,mlpackDT,15,96
21-06-2022 12:29:23,working_models/philosophers.5,basic,mlpackDT,16,106
21-06-2022 12:29:23,working_models/philosophers.5,basic,mlpackDT,8,78
21-06-2022 12:29:23,working_models/philosophers.5,basic,mlpackDT,9,84
21-06-2022 12:29:23,working_models/philosophers.5,basic,mlpackDT,32,103867
21-06-2022 12:31:07,working_models/philosophers.5,basic,mlpackDT,10,84
21-06-2022 12:31:08,working_models/philosophers.5,basic,mlpackDT,7,72
21-06-2022 12:31:08,working_models/philosophers.5,basic,mlpackModuleDt,8,84
21-06-2022 12:31:08,working_models/philosophers.5,basic,mlpackModuleDt,8,75
21-06-2022 12:31:08,working_models/philosophers.5,basic,mlpackModuleDt,8,72
21-06-2022 12:31:09,working_models/philosophers.5,basic,mlpackModuleDt,8,75
21-06-2022 12:31:09,working_models/philosophers.5,basic,mlpackModuleDt,8,77
21-06-2022 12:31:09,working_models/philosophers.5,basic,mlpackModuleDt,8,77
21-06-2022 12:31:09,working_models/philosophers.5,basic,mlpackModuleDt,8,81
21-06-2022 12:31:09,working_models/philosophers.5,basic,mlpackModuleDt,8,83
21-06-2022 12:31:10,working_models/philosophers.5,basic,mlpackModuleDt,8,81
21-06-2022 12:31:10,working_models/philosophers.5,basic,mlpackModuleDt,8,86
21-06-2022 12:32:00,working_models/rabin.3,basic,mlpackDT,14,34
21-06-2022 12:32:00,working_models/rabin.3,basic,mlpackDT,14,31
21-06-2022 12:32:00,working_models/rabin.3,basic,mlpackDT,18,35
21-06-2022 12:32:00,working_models/rabin.3,basic,mlpackDT,153,124
21-06-2022 12:32:00,working_models/rabin.3,basic,mlpackDT,13,36
21-06-2022 12:32:01,working_models/rabin.3,basic,mlpackDT,13,35
21-06-2022 12:32:01,working_models/rabin.3,basic,mlpackDT,13,33
21-06-2022 12:32:01,working_models/rabin.3,basic,mlpackDT,14,36
21-06-2022 12:32:01,working_models/rabin.3,basic,mlpackDT,12,40
21-06-2022 12:32:01,working_models/rabin.3,basic,mlpackDT,3426,2056
21-06-2022 12:32:03,working_models/rabin.3,basic,mlpackModuleDt,16,42
21-06-2022 12:32:04,working_models/rabin.3,basic,mlpackModuleDt,15,41
21-06-2022 12:32:04,working_models/rabin.3,basic,mlpackModuleDt,14,40
21-06-2022 12:32:04,working_models/rabin.3,basic,mlpackModuleDt,17,42
21-06-2022 12:32:04,working_models/rabin.3,basic,mlpackModuleDt,15,47
21-06-2022 12:32:04,working_models/rabin.3,basic,mlpackModuleDt,13,78
21-06-2022 12:32:05,working_models/rabin.3,basic,mlpackModuleDt,14,44
21-06-2022 12:32:05,working_models/rabin.3,basic,mlpackModuleDt,13,41
21-06-2022 12:32:05,working_models/rabin.3,basic,mlpackModuleDt,13,44
21-06-2022 12:32:05,working_models/rabin.3,basic,mlpackModuleDt,13,42
21-06-2022 12:32:10,working_models/rabin.5,basic,mlpackDT,-1,-1
21-06-2022 12:42:10,working_models/rabin.5,basic,mlpackModuleDt,14,68
21-06-2022 12:42:10,working_models/rabin.5,basic,mlpackModuleDt,-1,-1
21-06-2022 12:42:10,working_models/rabin.5,basic,mlpackModuleDt,16,85
21-06-2022 12:42:11,working_models/rabin.5,basic,mlpackModuleDt,14,73
21-06-2022 12:42:11,working_models/rabin.5,basic,mlpackModuleDt,17,84
21-06-2022 12:42:11,working_models/rabin.5,basic,mlpackModuleDt,16,81
21-06-2022 12:42:11,working_models/rabin.5,basic,mlpackModuleDt,16,83
21-06-2022 12:42:11,working_models/rabin.5,basic,mlpackModuleDt,16,82
21-06-2022 12:42:12,working_models/rabin.5,basic,mlpackModuleDt,16,85
21-06-2022 12:42:12,working_models/rabin.5,basic,mlpackModuleDt,18,91
21-06-2022 12:42:56,working_models/rabin.7,basic,mlpackDT,17,147
21-06-2022 12:42:56,working_models/rabin.7,basic,mlpackDT,18,151
21-06-2022 12:42:57,working_models/rabin.7,basic,mlpackDT,20,142
21-06-2022 12:42:57,working_models/rabin.7,basic,mlpackDT,20,168
21-06-2022 12:42:57,working_models/rabin.7,basic,mlpackDT,16,107
21-06-2022 12:42:57,working_models/rabin.7,basic,mlpackDT,27,176
21-06-2022 12:42:58,working_models/rabin.7,basic,mlpackDT,27,167
21-06-2022 12:42:58,working_models/rabin.7,basic,mlpackDT,-1,-1
21-06-2022 12:52:58,working_models/rabin.7,basic,mlpackDT,-1,-1
21-06-2022 13:02:58,working_models/rabin.7,basic,mlpackDT,82820,197054
21-06-2022 13:06:15,working_models/rabin.7,basic,mlpackModuleDt,18,124
21-06-2022 13:06:16,working_models/rabin.7,basic,mlpackModuleDt,21,150
21-06-2022 13:06:16,working_models/rabin.7,basic,mlpackModuleDt,18,133
21-06-2022 13:06:16,working_models/rabin.7,basic,mlpackModuleDt,17,136
21-06-2022 13:06:17,working_models/rabin.7,basic,mlpackModuleDt,19,127
21-06-2022 13:06:17,working_models/rabin.7,basic,mlpackModuleDt,16,184
21-06-2022 13:06:17,working_models/rabin.7,basic,mlpackModuleDt,23,152
21-06-2022 13:06:18,working_models/rabin.7,basic,mlpackModuleDt,32,169
21-06-2022 13:06:18,working_models/rabin.7,basic,mlpackModuleDt,17,130
21-06-2022 13:06:18,working_models/rabin.7,basic,mlpackModuleDt,16,122
21-06-2022 14:28:22,topology_models/ring.2,basic,mlpackModuleDt,31,49
21-06-2022 14:28:22,topology_models/king-ring.2,basic,mlpackModuleDt,31,49
21-06-2022 14:28:22,topology_models/flock.2,basic,mlpackModuleDt,-1,-1
21-06-2022 14:31:01,working_models/philosophers.3,basic,mlpackDT,7,42
21-06-2022 14:31:01,working_models/philosophers.3,basic,mlpackDT,13,49
21-06-2022 14:31:01,working_models/philosophers.3,basic,mlpackDT,7,38
21-06-2022 14:31:01,working_models/philosophers.3,basic,mlpackDT,9,7138
21-06-2022 14:31:15,working_models/philosophers.7,basic,mlpackModuleDt,8,168
21-06-2022 14:31:16,working_models/philosophers.7,basic,mlpackModuleDt,10,197
21-06-2022 14:31:16,working_models/philosophers.7,basic,mlpackModuleDt,8,172
21-06-2022 14:31:16,working_models/philosophers.7,basic,mlpackModuleDt,8,157
21-06-2022 14:31:17,working_models/philosophers.7,basic,mlpackModuleDt,9,161
21-06-2022 14:31:17,working_models/philosophers.7,basic,mlpackModuleDt,8,150
21-06-2022 14:31:17,working_models/philosophers.7,basic,mlpackModuleDt,9,174
21-06-2022 14:31:18,working_models/philosophers.7,basic,mlpackModuleDt,9,170
21-06-2022 14:31:18,working_models/philosophers.7,basic,mlpackModuleDt,8,167
21-06-2022 14:31:18,working_models/philosophers.7,basic,mlpackModuleDt,9,158
21-06-2022 14:32:18,working_models/philosophers.10,basic,mlpackModuleDt,9,286
21-06-2022 14:32:18,working_models/philosophers.10,basic,mlpackModuleDt,8,268
21-06-2022 14:32:19,working_models/philosophers.10,basic,mlpackModuleDt,9,261
21-06-2022 14:32:19,working_models/philosophers.10,basic,mlpackModuleDt,8,239
21-06-2022 14:32:20,working_models/philosophers.10,basic,mlpackModuleDt,8,286
21-06-2022 14:32:20,working_models/philosophers.10,basic,mlpackModuleDt,8,322
21-06-2022 14:32:21,working_models/philosophers.10,basic,mlpackModuleDt,9,320
21-06-2022 14:32:21,working_models/philosophers.10,basic,mlpackModuleDt,8,286
21-06-2022 14:32:22,working_models/philosophers.10,basic,mlpackModuleDt,8,276
21-06-2022 14:32:22,working_models/philosophers.10,basic,mlpackModuleDt,10,303
21-06-2022 14:32:39,topology_models/ring.2,basic,mlpackModuleDt,20,39
21-06-2022 14:32:39,topology_models/king-ring.2,basic,mlpackModuleDt,20,44
21-06-2022 14:32:39,topology_models/flock.2,basic,mlpackModuleDt,-1,-1
21-06-2022 14:34:24,topology_models/ring.2,basic,mlpackModuleDt,23,48
21-06-2022 14:34:24,topology_models/king-ring.2,basic,mlpackModuleDt,36,72
21-06-2022 14:34:25,topology_models/king-flock.2,basic,mlpackModuleDt,-1,-1
21-06-2022 14:34:34,topology_models/ring.2,basic,mlpackModuleDt,19,51
21-06-2022 14:34:35,topology_models/king-ring.2,basic,mlpackModuleDt,20,51
21-06-2022 14:34:35,topology_models/independent.2,basic,mlpackModuleDt,-1,-1
21-06-2022 14:34:51,topology_models/ring.2,basic,mlpackModuleDt,23,61
21-06-2022 14:34:51,topology_models/king-ring.2,basic,mlpackModuleDt,19,47
21-06-2022 14:34:52,topology_models/ring.3,basic,mlpackModuleDt,31,126
21-06-2022 14:34:52,topology_models/king-ring.3,basic,mlpackModuleDt,30,117
21-06-2022 14:34:53,topology_models/ring.4,basic,mlpackModuleDt,35,263
21-06-2022 14:34:53,topology_models/king-ring.4,basic,mlpackModuleDt,32,240
21-06-2022 14:34:54,topology_models/ring.5,basic,mlpackModuleDt,41,416
21-06-2022 14:34:55,topology_models/king-ring.5,basic,mlpackModuleDt,39,405
21-06-2022 14:34:56,topology_models/ring.6,basic,mlpackModuleDt,48,693
21-06-2022 14:34:58,topology_models/king-ring.6,basic,mlpackModuleDt,61,838
21-06-2022 14:35:06,topology_models/ring.7,basic,mlpackModuleDt,43,948
21-06-2022 14:35:14,topology_models/king-ring.7,basic,mlpackModuleDt,14,59965
21-06-2022 14:36:33,topology_models/ring.8,basic,mlpackModuleDt,48,1285
21-06-2022 14:36:55,topology_models/king-ring.8,basic,mlpackModuleDt,-1,-1
21-06-2022 14:37:24,working_models/philosophers.20,basic,mlpackModuleDt,8,1293
21-06-2022 14:37:25,working_models/philosophers.20,basic,mlpackModuleDt,8,1606
21-06-2022 14:37:27,working_models/philosophers.20,basic,mlpackModuleDt,8,1848
21-06-2022 14:37:29,working_models/philosophers.20,basic,mlpackModuleDt,8,1250
21-06-2022 14:37:31,working_models/philosophers.20,basic,mlpackModuleDt,9,1543
21-06-2022 14:37:33,working_models/philosophers.20,basic,mlpackModuleDt,8,1797
21-06-2022 14:37:35,working_models/philosophers.20,basic,mlpackModuleDt,8,1733
21-06-2022 14:37:37,working_models/philosophers.20,basic,mlpackModuleDt,-1,-1
21-06-2022 14:37:39,working_models/philosophers.20,basic,mlpackModuleDt,8,1541
21-06-2022 14:37:41,working_models/philosophers.20,basic,mlpackModuleDt,9,137344,71336
21-06-2022 15:24:34,topology_models/ring.6,basic,mlpackModuleDt,45,514
21-06-2022 15:24:36,topology_models/ring.6,basic,mlpackModuleDt,47,522
21-06-2022 15:24:37,topology_models/ring.6,basic,mlpackModuleDt,44,392
21-06-2022 15:24:38,topology_models/ring.6,basic,mlpackModuleDt,47,444
21-06-2022 15:24:39,topology_models/ring.6,basic,mlpackModuleDt,48,479
21-06-2022 15:24:40,topology_models/ring.6,basic,mlpackModuleDt,39,439
21-06-2022 15:24:48,topology_models/ring.6,basic,mlpackModuleDt,46,469
21-06-2022 15:24:49,topology_models/ring.6,basic,mlpackModuleDt,42,495
21-06-2022 15:25:38,topology_models/ring.5,basic,mlpackModuleDt,43,348
21-06-2022 15:25:39,topology_models/ring.5,basic,mlpackModuleDt,46,309
21-06-2022 15:25:40,topology_models/ring.5,basic,mlpackModuleDt,35,292
21-06-2022 15:25:41,topology_models/ring.5,basic,mlpackModuleDt,35,255
21-06-2022 15:25:42,topology_models/ring.5,basic,mlpackModuleDt,51,317
21-06-2022 15:25:43,topology_models/ring.5,basic,mlpackModuleDt,42,300
21-06-2022 15:25:43,topology_models/ring.5,basic,mlpackModuleDt,44,326
21-06-2022 15:25:44,topology_models/ring.5,basic,mlpackModuleDt,37,297
21-06-2022 15:25:45,topology_models/ring.5,basic,mlpackModuleDt,48,311
21-06-2022 15:25:46,topology_models/ring.5,basic,mlpackModuleDt,43,276
21-06-2022 15:26:50,topology_models/ring.2,basic,mlpackModuleDt,23,43
21-06-2022 15:26:50,topology_models/ring.2,basic,mlpackModuleDt,19,36
21-06-2022 15:26:50,topology_models/ring.2,basic,mlpackModuleDt,33,52
21-06-2022 15:26:51,topology_models/ring.2,basic,mlpackModuleDt,21,37
21-06-2022 15:26:51,topology_models/ring.2,basic,mlpackModuleDt,32,51
21-06-2022 15:26:52,topology_models/ring.2,basic,mlpackModuleDt,27,46
21-06-2022 15:26:52,topology_models/ring.2,basic,mlpackModuleDt,26,44
21-06-2022 15:26:52,topology_models/ring.2,basic,mlpackModuleDt,33,55
21-06-2022 15:26:53,topology_models/ring.2,basic,mlpackModuleDt,37,54
21-06-2022 15:26:53,topology_models/ring.2,basic,mlpackModuleDt,32,48
21-06-2022 15:26:53,topology_models/king-ring.2,basic,mlpackModuleDt,15,38
21-06-2022 15:26:54,topology_models/king-ring.2,basic,mlpackModuleDt,34,54
21-06-2022 15:26:54,topology_models/king-ring.2,basic,mlpackModuleDt,33,53
21-06-2022 15:26:55,topology_models/king-ring.2,basic,mlpackModuleDt,28,47
21-06-2022 15:26:55,topology_models/king-ring.2,basic,mlpackModuleDt,23,42
21-06-2022 15:26:55,topology_models/king-ring.2,basic,mlpackModuleDt,21,39
21-06-2022 15:26:56,topology_models/king-ring.2,basic,mlpackModuleDt,37,52
21-06-2022 15:26:56,topology_models/king-ring.2,basic,mlpackModuleDt,26,47
21-06-2022 15:26:56,topology_models/king-ring.2,basic,mlpackModuleDt,15,36
21-06-2022 15:26:57,topology_models/king-ring.2,basic,mlpackModuleDt,27,42
21-06-2022 15:26:57,topology_models/ring.3,basic,mlpackModuleDt,35,107
21-06-2022 15:26:58,topology_models/ring.3,basic,mlpackModuleDt,31,96
21-06-2022 15:26:58,topology_models/ring.3,basic,mlpackModuleDt,37,100
21-06-2022 15:26:58,topology_models/ring.3,basic,mlpackModuleDt,36,111
21-06-2022 15:26:59,topology_models/ring.3,basic,mlpackModuleDt,35,91
21-06-2022 15:26:59,topology_models/ring.3,basic,mlpackModuleDt,36,100
21-06-2022 15:27:00,topology_models/ring.3,basic,mlpackModuleDt,25,85
21-06-2022 15:27:00,topology_models/ring.3,basic,mlpackModuleDt,27,76
21-06-2022 15:27:01,topology_models/ring.3,basic,mlpackModuleDt,33,94
21-06-2022 15:27:01,topology_models/ring.3,basic,mlpackModuleDt,30,98
21-06-2022 15:27:01,topology_models/king-ring.3,basic,mlpackModuleDt,38,112
21-06-2022 15:27:02,topology_models/king-ring.3,basic,mlpackModuleDt,27,86
21-06-2022 15:27:02,topology_models/king-ring.3,basic,mlpackModuleDt,40,107
21-06-2022 15:27:03,topology_models/king-ring.3,basic,mlpackModuleDt,30,93
21-06-2022 15:27:03,topology_models/king-ring.3,basic,mlpackModuleDt,43,113
21-06-2022 15:27:04,topology_models/king-ring.3,basic,mlpackModuleDt,38,123
21-06-2022 15:27:04,topology_models/king-ring.3,basic,mlpackModuleDt,35,94
21-06-2022 15:27:05,topology_models/king-ring.3,basic,mlpackModuleDt,32,94
21-06-2022 15:27:05,topology_models/king-ring.3,basic,mlpackModuleDt,36,108
21-06-2022 15:27:06,topology_models/king-ring.3,basic,mlpackModuleDt,39,110
21-06-2022 15:27:06,topology_models/ring.4,basic,mlpackModuleDt,38,181
21-06-2022 15:27:07,topology_models/ring.4,basic,mlpackModuleDt,31,170
21-06-2022 15:27:07,topology_models/ring.4,basic,mlpackModuleDt,44,226
21-06-2022 15:27:08,topology_models/ring.4,basic,mlpackModuleDt,43,178
21-06-2022 15:27:08,topology_models/ring.4,basic,mlpackModuleDt,36,174
21-06-2022 15:27:09,topology_models/ring.4,basic,mlpackModuleDt,48,233
21-06-2022 15:27:10,topology_models/ring.4,basic,mlpackModuleDt,47,204
21-06-2022 15:27:10,topology_models/ring.4,basic,mlpackModuleDt,30,159
21-06-2022 15:27:11,topology_models/ring.4,basic,mlpackModuleDt,40,198
21-06-2022 15:27:11,topology_models/ring.4,basic,mlpackModuleDt,54,228
21-06-2022 15:27:12,topology_models/king-ring.4,basic,mlpackModuleDt,42,176
21-06-2022 15:27:12,topology_models/king-ring.4,basic,mlpackModuleDt,37,183
21-06-2022 15:27:13,topology_models/king-ring.4,basic,mlpackModuleDt,37,176
21-06-2022 15:27:14,topology_models/king-ring.4,basic,mlpackModuleDt,32,176
21-06-2022 15:27:14,topology_models/king-ring.4,basic,mlpackModuleDt,36,173
21-06-2022 15:27:15,topology_models/king-ring.4,basic,mlpackModuleDt,30,149
21-06-2022 15:27:15,topology_models/king-ring.4,basic,mlpackModuleDt,32,174
21-06-2022 15:27:16,topology_models/king-ring.4,basic,mlpackModuleDt,41,211
21-06-2022 15:27:16,topology_models/king-ring.4,basic,mlpackModuleDt,37,172
21-06-2022 15:27:17,topology_models/king-ring.4,basic,mlpackModuleDt,36,187
21-06-2022 15:27:46,topology_models/ring.5,basic,mlpackModuleDt,41,290
21-06-2022 15:27:47,topology_models/ring.5,basic,mlpackModuleDt,35,255
21-06-2022 15:27:48,topology_models/ring.5,basic,mlpackModuleDt,44,278
21-06-2022 15:27:49,topology_models/ring.5,basic,mlpackModuleDt,58,361
21-06-2022 15:27:50,topology_models/ring.5,basic,mlpackModuleDt,43,310
21-06-2022 15:27:50,topology_models/ring.5,basic,mlpackModuleDt,42,298
21-06-2022 15:27:51,topology_models/ring.5,basic,mlpackModuleDt,41,314
21-06-2022 15:27:52,topology_models/ring.5,basic,mlpackModuleDt,32,264
21-06-2022 15:27:53,topology_models/ring.5,basic,mlpackModuleDt,46,287
21-06-2022 15:27:54,topology_models/ring.5,basic,mlpackModuleDt,40,267
21-06-2022 15:27:54,topology_models/king-ring.5,basic,mlpackModuleDt,44,341
21-06-2022 15:27:55,topology_models/king-ring.5,basic,mlpackModuleDt,38,323
21-06-2022 15:27:56,topology_models/king-ring.5,basic,mlpackModuleDt,45,340
21-06-2022 15:27:57,topology_models/king-ring.5,basic,mlpackModuleDt,43,330
21-06-2022 15:27:58,topology_models/king-ring.5,basic,mlpackModuleDt,32,304
21-06-2022 15:27:59,topology_models/king-ring.5,basic,mlpackModuleDt,41,320
21-06-2022 15:28:00,topology_models/king-ring.5,basic,mlpackModuleDt,53,401
21-06-2022 15:28:01,topology_models/king-ring.5,basic,mlpackModuleDt,51,346
21-06-2022 15:28:01,topology_models/king-ring.5,basic,mlpackModuleDt,43,283
21-06-2022 15:28:02,topology_models/king-ring.5,basic,mlpackModuleDt,37,292
21-06-2022 15:28:03,topology_models/ring.6,basic,mlpackModuleDt,52,498
21-06-2022 15:28:05,topology_models/ring.6,basic,mlpackModuleDt,48,489
21-06-2022 15:28:07,topology_models/ring.6,basic,mlpackModuleDt,38,396
21-06-2022 15:28:08,topology_models/ring.6,basic,mlpackModuleDt,45,453
21-06-2022 15:28:10,topology_models/ring.6,basic,mlpackModuleDt,53,496
21-06-2022 15:28:11,topology_models/ring.6,basic,mlpackModuleDt,43,415
21-06-2022 15:28:12,topology_models/ring.6,basic,mlpackModuleDt,42,409
21-06-2022 15:28:14,topology_models/ring.6,basic,mlpackModuleDt,40,408
21-06-2022 15:28:15,topology_models/ring.6,basic,mlpackModuleDt,32,381
21-06-2022 15:28:17,topology_models/ring.6,basic,mlpackModuleDt,52,512
21-06-2022 15:28:18,topology_models/king-ring.6,basic,mlpackModuleDt,42,487
21-06-2022 15:28:20,topology_models/king-ring.6,basic,mlpackModuleDt,47,480
21-06-2022 15:28:21,topology_models/king-ring.6,basic,mlpackModuleDt,53,555
21-06-2022 15:28:23,topology_models/king-ring.6,basic,mlpackModuleDt,45,440
21-06-2022 15:28:24,topology_models/king-ring.6,basic,mlpackModuleDt,44,471
21-06-2022 15:28:26,topology_models/king-ring.6,basic,mlpackModuleDt,42,423
21-06-2022 15:28:27,topology_models/king-ring.6,basic,mlpackModuleDt,50,500
21-06-2022 15:28:29,topology_models/king-ring.6,basic,mlpackModuleDt,41,424
21-06-2022 15:28:30,topology_models/king-ring.6,basic,mlpackModuleDt,44,424
21-06-2022 15:28:32,topology_models/king-ring.6,basic,mlpackModuleDt,49,525
21-06-2022 15:33:14,new_models/virus3,basic,mlpackModuleDt,-1,-1
21-06-2022 15:33:16,new_models/virus3,basic,mlpackModuleDt,-1,-1
21-06-2022 15:35:48,new_models/byzantine4_1,basic,mlpackModuleDt,11,158
21-06-2022 15:35:49,new_models/byzantine4_1,basic,mlpackModuleDt,11,156
21-06-2022 15:35:50,new_models/byzantine4_1,basic,mlpackModuleDt,15,186
21-06-2022 15:35:51,new_models/byzantine4_1,basic,mlpackModuleDt,10,143
21-06-2022 15:35:52,new_models/byzantine4_1,basic,mlpackModuleDt,10,140
21-06-2022 15:35:52,new_models/byzantine4_1,basic,mlpackModuleDt,11,153
21-06-2022 15:35:53,new_models/byzantine4_1,basic,mlpackModuleDt,10,139
21-06-2022 15:35:54,new_models/byzantine4_1,basic,mlpackModuleDt,11,151
21-06-2022 15:41:09,new_models/byzantine5_1,basic,mlpackModuleDt,10,240
21-06-2022 15:41:10,new_models/byzantine5_1,basic,mlpackModuleDt,11,254
21-06-2022 15:41:11,new_models/byzantine5_1,basic,mlpackModuleDt,13,277
21-06-2022 15:41:12,new_models/byzantine5_1,basic,mlpackModuleDt,10,234
21-06-2022 15:41:13,new_models/byzantine5_1,basic,mlpackModuleDt,10,230
21-06-2022 15:41:14,new_models/byzantine5_1,basic,mlpackModuleDt,12,278
21-06-2022 15:41:14,new_models/byzantine5_1,basic,mlpackModuleDt,10,243
21-06-2022 15:41:15,new_models/byzantine5_1,basic,mlpackModuleDt,11,256
21-06-2022 15:44:20,new_models/byzantine6_1,basic,mlpackModuleDt,-1,-1
21-06-2022 15:53:58,new_models/byzantine6_1,basic,mlpackModuleDt,10,363
21-06-2022 15:54:00,new_models/byzantine6_1,basic,mlpackModuleDt,-1,-1
21-06-2022 18:26:54,new_models/byzantine6_1,basic,mlpackModuleDt,11,447
21-06-2022 18:26:57,new_models/byzantine6_1,basic,mlpackModuleDt,13,478
21-06-2022 18:26:58,new_models/byzantine6_1,basic,mlpackModuleDt,11,429
21-06-2022 18:27:00,new_models/byzantine6_1,basic,mlpackModuleDt,10,408
21-06-2022 18:27:03,new_models/byzantine6_1,basic,mlpackModuleDt,12,414
22-06-2022 17:51:44,new_models/virus3,none,none,-1,-1
22-06-2022 17:54:54,new_models/virus3,none,none,-1,-1
13-07-2022 16:27:57,working_models/philosophers.3,basic,mlpackModuleDt,7,60
13-07-2022 16:28:12,working_models/philosophers.3,basic,mlpackModuleDt,6,81
13-07-2022 16:28:13,working_models/philosophers.3,basic,mlpackModuleDt,8,78
13-07-2022 16:28:14,working_models/philosophers.3,basic,mlpackModuleDt,8,91